<?xml version="1.0" encoding="UTF8"?>
<!DOCTYPE configuration
        PUBLIC "-//mybatis.org//DTD Config 3.0//EN"
        "http://mybatis.org/dtd/mybatis-3-config.dtd">
<configuration>
    <!--加载其他的资源-->
    <properties resource="db.properties"></properties>
    <settings>
        <!--开启驼峰命名-->
        <setting name="mapUnderscoreToCamelCase" value="true"/>
        <!--配置日志类型log4j slfj-->
        <setting name="logImpl" value="LOG4J"/>
        <!--开启懒加载，按需加载-->
        <setting name="lazyLoadingEnabled" value="true"/>
    </settings>

    <!--别名定义-->
    <typeAliases>
        <!--给一个类起一个别名，别名不区分大小写-->
        <!--<typeAlias type="nynu.pojo.User" alias="User"></typeAlias>-->
        <!--给一个包下所有类起别名-->
        <package name="pojo"/>
    </typeAliases>

    <environments default="development">
        <environment id="development">
            <transactionManager type="JDBC"/>
            <dataSource type="POOLED">
                <property name="driver" value="${mysql.driver}"/>
                <property name="url" value="${mysql.url}"/>
                <property name="username" value="${mysql.username}"/>
                <property name="password" value="${mysql.password}"/>
            </dataSource>
        </environment>
    </environments>

    <mappers>
        <!--mapper.xml文件加载方法1-->
        <!--<mapper resource="nynu/mapper/UserMapper.xml"></mapper>-->
        <!--mapper.xml文件加载方法2-->
        <!--<mapper class="nynu.mapper.UserMapper"></mapper>-->
        <!--mapper.xml文件加载方法3-->
        <package name="mapper"></package>
    </mappers>
</configuration>
